id,first_name,last_name,email,gender,salary
1,Carmelita,Lernihan,clernihan0@acquirethisname.com,Female,$47541.05
2,Jacklyn,Lawee,jlawee1@cbc.ca,Female,$76642.77
3,Kathe,Tuson,ktuson2@livejournal.com,Female,$98016.88
4,Tildi,Morena,tmorena3@ebay.com,Female,$44478.75
5,Ashlen,Leggen,aleggen4@icio.us,Female,$57026.68
6,Katha,Beddie,kbeddie5@shareasale.com,Female,$71915.29
7,Cloris,St. Hill,csthill6@blogspot.com,Non-binary,$15583.04
8,Elia,Leadbeater,eleadbeater7@printfriendly.com,Male,$17543.64
9,Barnebas,Gummow,bgummow8@globo.com,Male,$38780.54
10,Christabella,Johannes,cjohannes9@bloomberg.com,Female,$11224.32
11,Simon,Pack,spacka@amazonaws.com,Male,$68026.29
12,Kora,Siaskowski,ksiaskowskib@who.int,Female,$93583.35
13,Mareah,Boorer,mboorerc@typepad.com,Female,$62599.63
14,Burtie,Negri,bnegrid@sciencedaily.com,Male,$50513.09
15,Rasia,Pikett,rpikette@trellian.com,Polygender,$48844.85
16,Katrina,Crippell,kcrippellf@plala.or.jp,Female,$26522.36
17,Rooney,Foystone,rfoystoneg@indiegogo.com,Genderqueer,$15245.51
18,Stu,Hyslop,shysloph@tripod.com,Male,$51215.09
19,Aloise,Worcs,aworcsi@tripod.com,Non-binary,$67102.03
20,Farly,Buss,fbussj@prweb.com,Male,$78223.17
21,Kenna,Posse,kpossek@upenn.edu,Female,$50402.96
22,Crystie,Newbatt,cnewbattl@admin.ch,Female,$89015.65
23,Sallyann,Dudden,sduddenm@npr.org,Female,$99872.95
24,Dallis,Cromblehome,dcromblehomen@rakuten.co.jp,Male,$62198.52
25,Peri,Mauvin,pmauvino@de.vu,Female,$39229.91
26,Leland,Lakenden,llakendenp@reddit.com,Genderfluid,$24285.60
27,Maureen,Gaythor,mgaythorq@qq.com,Bigender,$41762.46
28,Ferne,Soro,fsoror@de.vu,Female,$61259.39
29,Rupert,Shakelade,rshakelades@ucoz.ru,Male,$86674.64
30,Netty,Skerme,nskermet@miibeian.gov.cn,Female,$53175.68
31,Kristen,Rowan,krowanu@geocities.jp,Female,$89036.69
32,Malachi,Jaram,mjaramv@apple.com,Male,$75205.19
33,Frayda,Tapner,ftapnerw@usgs.gov,Female,$23050.29
34,Flynn,Gadesby,fgadesbyx@facebook.com,Male,$55147.86
35,Joella,Shugg,jshuggy@nbcnews.com,Female,$50821.21
36,Welby,Devericks,wdevericksz@xing.com,Male,$49068.01
37,Baldwin,Cozins,bcozins10@google.fr,Male,$83088.96
38,Hadleigh,Minnock,hminnock11@cyberchimps.com,Male,$12980.62
39,Fan,Flann,fflann12@mysql.com,Female,$17829.06
40,Noach,Cope,ncope13@google.fr,Male,$36467.00
41,Lennie,Domoney,ldomoney14@digg.com,Male,$77788.54
42,Phillipe,Hanne,phanne15@google.fr,Male,$14645.47
43,Gareth,Threadgould,gthreadgould16@themeforest.net,Male,$70388.24
44,Rab,Petrakov,rpetrakov17@ask.com,Male,$90541.54
45,Felipa,Tofts,ftofts18@bloomberg.com,Female,$96660.66
46,Jaine,Drewell,jdrewell19@whitehouse.gov,Female,$17988.67
47,Stillmann,Dicey,sdicey1a@slashdot.org,Male,$72379.69
48,Chucho,Alcock,calcock1b@about.me,Male,$91249.25
49,Stanwood,Walne,swalne1c@samsung.com,Male,$53871.81
50,Hadrian,Bayly,hbayly1d@barnesandnoble.com,Male,$98829.15
51,Lee,Isherwood,lisherwood1e@topsy.com,Female,$96792.63
52,Kerry,Witch,kwitch1f@sphinn.com,Male,$78009.07
53,Adda,Morville,amorville1g@buzzfeed.com,Female,$88893.27
54,Genevieve,Firsby,gfirsby1h@behance.net,Female,$35740.22
55,Tobiah,Khomishin,tkhomishin1i@sina.com.cn,Non-binary,$29338.26
56,Larine,Leaton,lleaton1j@unicef.org,Female,$36091.32
57,Maris,Ordemann,mordemann1k@sphinn.com,Female,$56659.67
58,Boote,Ondrich,bondrich1l@wiley.com,Male,$83352.29
59,Gaylord,Dayne,gdayne1m@ted.com,Male,$26599.07
60,Conney,Shrimpling,cshrimpling1n@mlb.com,Polygender,$44514.71
61,Barnie,Seppey,bseppey1o@rambler.ru,Male,$64384.30
62,Hedwiga,Scarse,hscarse1p@uiuc.edu,Female,$46395.18
63,Charity,Bough,cbough1q@e-recht24.de,Agender,$28038.24
64,Huntley,Richemont,hrichemont1r@mapy.cz,Male,$91708.09
65,Maible,Maisey,mmaisey1s@yale.edu,Female,$92928.77
66,Van,Ferencz,vferencz1t@list-manage.com,Female,$39097.74
67,Tull,Earingey,tearingey1u@discovery.com,Male,$26930.43
68,Gawain,Goodyer,ggoodyer1v@wufoo.com,Non-binary,$55581.26
69,Perry,Carillo,pcarillo1w@bing.com,Female,$98550.39
70,Page,Brophy,pbrophy1x@wordpress.org,Female,$30533.57
71,Andrea,Josipovic,ajosipovic1y@weather.com,Male,$95985.84
72,Hyacinthie,Straker,hstraker1z@pinterest.com,Female,$58790.09
73,Dalt,Anger,danger20@yale.edu,Male,$62958.37
74,Brewer,Dockrill,bdockrill21@microsoft.com,Male,$37051.78
75,Crawford,Lawling,clawling22@trellian.com,Male,$86106.56
76,Ansel,Redferne,aredferne23@linkedin.com,Male,$16774.42
77,Alphard,Breakwell,abreakwell24@cornell.edu,Male,$81208.33
78,Enos,Pedrollo,epedrollo25@livejournal.com,Genderfluid,$22420.86
79,Ardyth,Blondin,ablondin26@shareasale.com,Female,$52121.05
80,Giusto,Kuhnt,gkuhnt27@netlog.com,Male,$61226.60
81,Gordan,Chettle,gchettle28@usnews.com,Male,$95649.25
82,Nicolas,Crumby,ncrumby29@fastcompany.com,Male,$40839.38
83,Gaylor,Sibson,gsibson2a@yahoo.co.jp,Male,$56818.24
84,Olav,Pretorius,opretorius2b@opera.com,Agender,$16435.15
85,Urban,Bruinemann,ubruinemann2c@wix.com,Male,$63626.81
86,Raychel,Oneil,roneil2d@biglobe.ne.jp,Female,$28256.86
87,Tirrell,Pexton,tpexton2e@flavors.me,Male,$12867.00
88,Sayer,Vankov,svankov2f@cornell.edu,Male,$29431.99
89,Micheal,Kyle,mkyle2g@tinypic.com,Male,$11890.71
90,Giralda,Challes,gchalles2h@usa.gov,Genderfluid,$83489.32
91,Ruthe,Hateley,rhateley2i@parallels.com,Female,$29275.91
92,Stephana,Romney,sromney2j@wunderground.com,Female,$20025.82
93,Jolene,Toleman,jtoleman2k@technorati.com,Female,$35936.08
94,Huntlee,Filgate,hfilgate2l@shareasale.com,Male,$94044.41
95,L;urette,Ebbitt,lebbitt2m@dailymotion.com,Female,$75212.14
96,Ephrayim,Palphramand,epalphramand2n@foxnews.com,Male,$92257.33
97,Inness,Vautre,ivautre2o@joomla.org,Male,$98629.37
98,Ilsa,Ibbison,iibbison2p@blogs.com,Female,$99770.56
99,Nada,Thurby,nthurby2q@eventbrite.com,Female,$85158.85
100,Devi,Akred,dakred2r@exblog.jp,Female,$26658.76
101,Francis,Dominicacci,fdominicacci2s@dagondesign.com,Male,$47245.49
102,Sheela,Fidelus,sfidelus2t@who.int,Female,$62149.37
103,Devin,Fazakerley,dfazakerley2u@sina.com.cn,Male,$13689.78
104,Shamus,Whelband,swhelband2v@com.com,Male,$28321.41
105,Gare,Henningham,ghenningham2w@google.com.au,Non-binary,$74733.04
106,Ginnifer,Dummer,gdummer2x@unblog.fr,Genderqueer,$12732.93
107,Cari,Laidlow,claidlow2y@xing.com,Female,$38950.92
108,Madge,Doylend,mdoylend2z@goo.gl,Female,$61859.67
109,Abagael,Shafier,ashafier30@foxnews.com,Female,$18135.69
110,Ginny,Franc,gfranc31@fotki.com,Bigender,$99312.06
111,Goldi,Twamley,gtwamley32@yahoo.co.jp,Female,$75017.39
112,Egan,Kiendl,ekiendl33@about.com,Male,$69157.34
113,Nanice,Eddisforth,neddisforth34@so-net.ne.jp,Female,$82934.92
114,Ezra,Hurnell,ehurnell35@goo.ne.jp,Polygender,$34965.25
115,Buck,Paramore,bparamore36@goo.ne.jp,Male,$84616.25
116,Melantha,Cridlon,mcridlon37@newyorker.com,Female,$54960.56
117,Fax,Cawkill,fcawkill38@springer.com,Polygender,$17342.76
118,Constantino,Kos,ckos39@nymag.com,Male,$45006.23
119,Kienan,Slora,kslora3a@weebly.com,Male,$15896.27
120,Larissa,Hawtin,lhawtin3b@weather.com,Female,$26847.38
121,Kristopher,Pettisall,kpettisall3c@dell.com,Male,$22010.48
122,Meredeth,Fillery,mfillery3d@toplist.cz,Male,$83837.62
123,Merle,Kirsche,mkirsche3e@scientificamerican.com,Male,$46163.89
124,Moira,De la Perrelle,mdelaperrelle3f@prweb.com,Female,$93494.13
125,Alberta,Smitheman,asmitheman3g@live.com,Female,$60400.36
126,Dukey,Forrestor,dforrestor3h@amazon.de,Male,$38385.93
127,Fielding,Sallinger,fsallinger3i@nasa.gov,Male,$28027.41
128,Jeromy,Styan,jstyan3j@wikimedia.org,Agender,$20032.26
129,Giorgio,Djokic,gdjokic3k@bbc.co.uk,Male,$90996.63
130,Haily,Griffiths,hgriffiths3l@meetup.com,Male,$25784.37
131,Luelle,Gudger,lgudger3m@google.de,Female,$28235.30
132,Carree,Plait,cplait3n@wikispaces.com,Female,$72491.77
133,Alisha,Bratten,abratten3o@example.com,Female,$41225.59
134,Clarabelle,Royans,croyans3p@whitehouse.gov,Female,$46571.70
135,Maynard,Fosher,mfosher3q@skype.com,Male,$89743.02
136,Lindy,O'Corrigane,locorrigane3r@printfriendly.com,Non-binary,$67826.90
137,Eleni,Diano,ediano3s@cnbc.com,Female,$30722.44
138,Rosaline,Fass,rfass3t@vkontakte.ru,Female,$24595.23
139,Rosaleen,Georgelin,rgeorgelin3u@pbs.org,Female,$98386.24
140,Reagen,Gage,rgage3v@google.it,Male,$59579.28
141,Edan,Filipson,efilipson3w@unc.edu,Male,$41025.39
142,Lorinda,Balle,lballe3x@shutterfly.com,Female,$53258.02
143,Alethea,Sommerled,asommerled3y@sourceforge.net,Bigender,$98750.06
144,Emalia,Linscott,elinscott3z@soundcloud.com,Female,$67715.24
145,Jammal,Twidle,jtwidle40@si.edu,Male,$78408.57
146,Roanne,Puttrell,rputtrell41@psu.edu,Female,$78542.52
147,Costa,Franssen,cfranssen42@icio.us,Male,$77896.30
148,Chiarra,Lemonby,clemonby43@last.fm,Female,$12610.32
149,Hestia,Hansmann,hhansmann44@discuz.net,Female,$51576.19
150,Kessia,Kenna,kkenna45@chicagotribune.com,Female,$23626.02
151,Deva,Scorrer,dscorrer46@de.vu,Female,$25620.58
152,Wilone,Leatherbarrow,wleatherbarrow47@behance.net,Female,$26892.97
153,Zebadiah,Sellor,zsellor48@nationalgeographic.com,Male,$74868.07
154,Boyd,McCaughran,bmccaughran49@foxnews.com,Male,$69906.00
155,Rudiger,Wivell,rwivell4a@slashdot.org,Male,$43368.83
156,Quentin,Neely,qneely4b@t-online.de,Male,$71226.84
157,Thurston,Fridd,tfridd4c@com.com,Male,$94933.84
158,Hedda,Terese,hterese4d@microsoft.com,Female,$61429.14
159,Stace,O'Lunney,solunney4e@typepad.com,Bigender,$34605.18
160,Fonzie,Hinzer,fhinzer4f@jiathis.com,Male,$76321.05
161,Paola,Rastrick,prastrick4g@seattletimes.com,Female,$36445.73
162,Nadean,Origin,norigin4h@scribd.com,Female,$51861.20
163,Wendye,Fullard,wfullard4i@networkadvertising.org,Female,$81954.42
164,Ronalda,Smithend,rsmithend4j@howstuffworks.com,Female,$64869.46
165,Becca,Hugill,bhugill4k@usa.gov,Female,$87459.30
166,Farley,Starsmeare,fstarsmeare4l@cdbaby.com,Agender,$44984.10
167,Jonah,Donat,jdonat4m@fastcompany.com,Male,$57417.01
168,Harmony,Dunning,hdunning4n@blogtalkradio.com,Non-binary,$56712.80
169,Dahlia,Oloshkin,doloshkin4o@telegraph.co.uk,Female,$81503.70
170,Fanny,Skurm,fskurm4p@loc.gov,Female,$19365.08
171,Berkie,Hiddy,bhiddy4q@naver.com,Male,$72635.33
172,Lauren,Nassie,lnassie4r@imageshack.us,Female,$50774.62
173,Shane,Caris,scaris4s@oaic.gov.au,Male,$40028.44
174,Myra,Telling,mtelling4t@wordpress.org,Female,$12592.91
175,Aylmer,Skellorne,askellorne4u@hc360.com,Male,$64101.26
176,Rustin,Runnett,rrunnett4v@wikipedia.org,Male,$64673.48
177,Grantham,Whitmell,gwhitmell4w@discovery.com,Male,$14216.89
178,Maura,Brandin,mbrandin4x@bizjournals.com,Female,$66724.58
179,Lauralee,Pawelski,lpawelski4y@zdnet.com,Female,$23834.00
180,Carleton,Dumbare,cdumbare4z@cbslocal.com,Male,$28456.30
181,Ahmed,Charity,acharity50@nps.gov,Male,$73313.27
182,Fletcher,Brandt,fbrandt51@dagondesign.com,Male,$48042.75
183,Thibaut,Fomichkin,tfomichkin52@goo.gl,Male,$73393.63
184,Verney,Frisby,vfrisby53@is.gd,Male,$25281.28
185,Myra,Buttrick,mbuttrick54@independent.co.uk,Female,$11082.78
186,Darb,Harflete,dharflete55@fastcompany.com,Male,$11316.40
187,Kennett,Pedrollo,kpedrollo56@dropbox.com,Polygender,$92844.28
188,Dan,Cicchitello,dcicchitello57@phpbb.com,Male,$65250.32
189,Dolley,Fisbey,dfisbey58@usnews.com,Female,$60918.62
190,Fonz,Lyles,flyles59@abc.net.au,Male,$83272.95
191,Elmore,Pietrowski,epietrowski5a@friendfeed.com,Male,$45259.77
192,Dorise,Rochewell,drochewell5b@nih.gov,Female,$14564.34
193,Rebeka,Archell,rarchell5c@washingtonpost.com,Female,$93791.25
194,Derrick,Brantzen,dbrantzen5d@dyndns.org,Male,$18514.88
195,Ivar,Blockwell,iblockwell5e@goo.ne.jp,Male,$68512.17
196,Xylina,Gallienne,xgallienne5f@discuz.net,Female,$14734.24
197,Maynard,Mapples,mmapples5g@ebay.co.uk,Male,$93884.69
198,Rand,Chilton,rchilton5h@ezinearticles.com,Male,$87230.58
199,Haily,Sheen,hsheen5i@google.com.au,Bigender,$77732.92
200,Susie,Barabisch,sbarabisch5j@irs.gov,Female,$37228.66
201,Delmer,Ruter,druter5k@microsoft.com,Male,$48230.30
202,Paulie,Dubique,pdubique5l@google.ru,Female,$58262.54
203,Nathalia,Brewster,nbrewster5m@techcrunch.com,Female,$96350.69
204,Hayyim,Sivess,hsivess5n@stanford.edu,Male,$32071.79
205,Katherina,Knipe,kknipe5o@aboutads.info,Female,$80999.50
206,Kerrill,Baynes,kbaynes5p@apple.com,Female,$60295.57
207,Collie,Vevers,cvevers5q@tripadvisor.com,Agender,$32019.89
208,Emmy,Reijmers,ereijmers5r@reddit.com,Male,$60608.75
209,Minetta,Ennor,mennor5s@dmoz.org,Female,$52856.15
210,Niki,Kleynen,nkleynen5t@webs.com,Female,$84598.89
211,Arleyne,Kowal,akowal5u@blogspot.com,Female,$69537.01
212,Ronny,Walpole,rwalpole5v@chronoengine.com,Female,$25263.86
213,Jaye,Metzel,jmetzel5w@soup.io,Male,$29850.79
214,Ginnie,Blaisdale,gblaisdale5x@geocities.com,Genderqueer,$71459.38
215,Benjamin,Pirdy,bpirdy5y@lycos.com,Male,$95577.87
216,Franciska,Orrin,forrin5z@ifeng.com,Female,$73322.67
217,Claudianus,Ricciardiello,cricciardiello60@sohu.com,Male,$76936.71
218,Alika,Tretwell,atretwell61@howstuffworks.com,Female,$78771.66
219,Kahaleel,Feak,kfeak62@ucla.edu,Male,$53077.31
220,Dennie,Howson,dhowson63@nhs.uk,Male,$18004.97
221,Gabriellia,Alison,galison64@nymag.com,Female,$43212.50
222,Conney,McNulty,cmcnulty65@cnet.com,Male,$96951.07
223,Andris,Sykora,asykora66@ted.com,Male,$84642.60
224,Lenora,Woodruff,lwoodruff67@sciencedirect.com,Female,$23051.40
225,Hazlett,Mallan,hmallan68@chron.com,Male,$13084.33
226,Clementius,Szanto,cszanto69@opera.com,Male,$10302.04
227,Haven,Cantrell,hcantrell6a@zdnet.com,Male,$36579.30
228,Riordan,Carsberg,rcarsberg6b@ovh.net,Male,$76883.55
229,Orel,Timmons,otimmons6c@army.mil,Female,$20166.32
230,Joy,Balling,jballing6d@usgs.gov,Female,$80797.26
231,Dorry,Sockell,dsockell6e@about.me,Female,$28890.92
232,Philis,Bartel,pbartel6f@last.fm,Female,$14730.80
233,Marylinda,Righy,mrighy6g@google.com.au,Female,$94727.82
234,Jillene,Ronci,jronci6h@redcross.org,Female,$73425.14
235,Lesley,Yanukhin,lyanukhin6i@netscape.com,Bigender,$73552.64
236,Carling,Ebbetts,cebbetts6j@npr.org,Male,$56881.25
237,Clemmie,Stickins,cstickins6k@jugem.jp,Female,$53596.80
238,Sky,Ostler,sostler6l@marriott.com,Bigender,$50671.74
239,Charisse,Leavold,cleavold6m@tamu.edu,Female,$27273.90
240,Augusto,Heaps,aheaps6n@google.de,Male,$92579.59
241,Adrianna,Windley,awindley6o@pen.io,Female,$61795.43
242,Margy,Sandiland,msandiland6p@house.gov,Female,$56338.51
243,Warren,Thornton-Dewhirst,wthorntondewhirst6q@forbes.com,Male,$46078.63
244,Sibyl,Espinos,sespinos6r@dailymotion.com,Male,$65759.41
245,Wynn,Lambdean,wlambdean6s@independent.co.uk,Female,$84913.87
246,Ingram,Boutwell,iboutwell6t@ft.com,Male,$63190.74
247,Olin,Rickerd,orickerd6u@blogs.com,Male,$80564.31
248,Nelly,Lavery,nlavery6v@paginegialle.it,Female,$35262.14
249,Filippo,Cavell,fcavell6w@pcworld.com,Male,$18313.16
250,Rania,Vern,rvern6x@pinterest.com,Genderfluid,$54066.35
251,Bernete,Malec,bmalec6y@stanford.edu,Female,$75497.79
252,Mitchael,Charer,mcharer6z@sbwire.com,Male,$70754.71
253,Rossie,Ebi,rebi70@cnn.com,Male,$98231.53
254,Dani,Drew,ddrew71@washington.edu,Female,$63821.02
255,Evania,Osbidston,eosbidston72@un.org,Bigender,$62558.14
256,Tildie,Smeall,tsmeall73@samsung.com,Female,$17728.85
257,Petr,Weben,pweben74@sohu.com,Male,$78778.62
258,Perren,McDarmid,pmcdarmid75@parallels.com,Male,$81690.00
259,Ransell,Farnsworth,rfarnsworth76@umn.edu,Male,$80803.87
260,Benjamen,Hebbes,bhebbes77@huffingtonpost.com,Male,$97659.03
261,Heidi,D'Alwis,hdalwis78@lulu.com,Female,$72189.92
262,Arte,Whitter,awhitter79@scientificamerican.com,Non-binary,$52534.78
263,Fabian,Marton,fmarton7a@google.pl,Male,$91480.73
264,Kermy,Brushfield,kbrushfield7b@csmonitor.com,Male,$61968.43
265,Debi,Voules,dvoules7c@biblegateway.com,Female,$79003.81
266,Shirley,Wride,swride7d@constantcontact.com,Female,$23971.84
267,Susy,Skillett,sskillett7e@smh.com.au,Bigender,$77179.75
268,Garner,Barbera,gbarbera7f@php.net,Male,$38327.81
269,Glyn,MacGilrewy,gmacgilrewy7g@tripadvisor.com,Male,$84603.47
270,Neil,Shoreman,nshoreman7h@disqus.com,Male,$17804.56
271,Zorah,Hutchinges,zhutchinges7i@hc360.com,Female,$54925.56
272,Ethelyn,Deer,edeer7j@theglobeandmail.com,Female,$19176.53
273,Yehudi,Alleyne,yalleyne7k@naver.com,Male,$74176.16
274,Karissa,Navaro,knavaro7l@360.cn,Female,$61982.37
275,Tuck,Rickets,trickets7m@is.gd,Male,$95995.10
276,Morrie,Bresman,mbresman7n@nhs.uk,Male,$24741.34
277,Lilian,Rummings,lrummings7o@printfriendly.com,Female,$47893.47
278,Raf,Spencelayh,rspencelayh7p@istockphoto.com,Female,$20451.11
279,Waylin,Woolfall,wwoolfall7q@1und1.de,Male,$41862.18
280,Noll,Frickey,nfrickey7r@globo.com,Male,$40840.29
281,Deb,Vogele,dvogele7s@wikimedia.org,Female,$43525.25
282,Rora,Hitscher,rhitscher7t@sakura.ne.jp,Female,$89272.20
283,Cobbie,Clapham,cclapham7u@dion.ne.jp,Male,$34321.96
284,Anetta,Foye,afoye7v@pinterest.com,Female,$82976.95
285,Donnajean,Hulett,dhulett7w@fastcompany.com,Female,$11515.13
286,Pancho,Lashbrook,plashbrook7x@nifty.com,Male,$77607.90
287,Natala,Afield,nafield7y@amazon.com,Female,$43283.52
288,Osbourne,Hazelhurst,ohazelhurst7z@unblog.fr,Genderqueer,$55588.70
289,Trstram,Lawee,tlawee80@businesswire.com,Male,$26939.98
290,Frazer,Doodson,fdoodson81@acquirethisname.com,Male,$33079.34
291,Aliza,Begin,abegin82@mashable.com,Female,$15696.97
292,Margalit,Ure,mure83@pen.io,Female,$47730.17
293,Cletis,Marie,cmarie84@state.gov,Male,$67085.33
294,Bev,Rollett,brollett85@drupal.org,Female,$27746.00
295,Phaedra,Belloch,pbelloch86@so-net.ne.jp,Female,$64213.81
296,Suzanna,Holcroft,sholcroft87@hc360.com,Female,$68572.60
297,Janeczka,Trusty,jtrusty88@addthis.com,Female,$18289.16
298,Graham,Clohessy,gclohessy89@google.ru,Male,$11816.26
299,Tyrone,Rime,trime8a@wordpress.com,Male,$71004.27
300,Kienan,Whatson,kwhatson8b@pbs.org,Male,$72398.62
301,Thain,Dy,tdy8c@sourceforge.net,Male,$59042.43
302,Nertie,Brydson,nbrydson8d@mtv.com,Female,$12104.70
303,Haze,Thomsen,hthomsen8e@bravesites.com,Polygender,$55661.99
304,Milty,Stoller,mstoller8f@businessweek.com,Male,$48918.35
305,Guglielmo,Lakenton,glakenton8g@netscape.com,Male,$13759.85
306,Otes,Carik,ocarik8h@ihg.com,Male,$86875.54
307,Shae,Borgesio,sborgesio8i@feedburner.com,Female,$85777.20
308,Ransom,Seviour,rseviour8j@discovery.com,Male,$25610.28
309,Jerrilee,Fairpool,jfairpool8k@irs.gov,Female,$34451.21
310,Coletta,Malenoir,cmalenoir8l@latimes.com,Female,$37654.65
311,Niki,Doldon,ndoldon8m@aboutads.info,Male,$18087.76
312,Napoleon,Sleicht,nsleicht8n@purevolume.com,Male,$97434.03
313,Amara,Corness,acorness8o@cnet.com,Female,$19030.41
314,Cecilla,Baud,cbaud8p@ovh.net,Female,$88910.97
315,Alard,Gummoe,agummoe8q@amazon.com,Male,$64226.45
316,Sheela,Bretherick,sbretherick8r@springer.com,Polygender,$55617.71
317,Deck,Housaman,dhousaman8s@ifeng.com,Male,$36687.64
318,Shayne,Boldero,sboldero8t@toplist.cz,Male,$62943.59
319,Grange,Sibborn,gsibborn8u@blogs.com,Male,$60730.15
320,Myer,Skyrm,mskyrm8v@si.edu,Male,$90723.79
321,Selma,Barajaz,sbarajaz8w@wunderground.com,Female,$64844.37
322,Rosabella,Dannatt,rdannatt8x@newyorker.com,Female,$56163.31
323,Joline,Walcot,jwalcot8y@nhs.uk,Female,$38181.61
324,Enriqueta,Ivkovic,eivkovic8z@hc360.com,Bigender,$33821.96
325,Antoine,Grzelczyk,agrzelczyk90@behance.net,Male,$67026.64
326,Bordie,Shenfish,bshenfish91@topsy.com,Male,$94297.75
327,Jillane,Mahon,jmahon92@mysql.com,Female,$27899.05
328,Jada,Mesnard,jmesnard93@google.ca,Female,$27993.95
329,Alard,Botfield,abotfield94@dropbox.com,Male,$73893.68
330,Saundra,Reichardt,sreichardt95@imageshack.us,Female,$16573.39
331,Akim,Wheal,awheal96@ucla.edu,Male,$37822.79
332,Goldy,Oury,goury97@constantcontact.com,Genderqueer,$21323.68
333,Dedra,Minchell,dminchell98@delicious.com,Female,$39798.62
334,Tiffi,Basillon,tbasillon99@webeden.co.uk,Female,$94238.56
335,Katheryn,Goodspeed,kgoodspeed9a@disqus.com,Female,$63660.72
336,Livvy,Eagar,leagar9b@nationalgeographic.com,Female,$38790.49
337,Elianore,Happer,ehapper9c@tripod.com,Female,$10129.40
338,Josias,Nance,jnance9d@uol.com.br,Male,$93905.51
339,Bern,Raccio,braccio9e@altervista.org,Male,$27305.49
340,Yorke,Iwanczyk,yiwanczyk9f@whitehouse.gov,Male,$11788.34
341,Masha,Idale,midale9g@ibm.com,Female,$58285.16
342,Stuart,Fallows,sfallows9h@china.com.cn,Male,$69855.16
343,Anita,Gillfillan,agillfillan9i@tmall.com,Female,$78905.16
344,Langsdon,Rubinowicz,lrubinowicz9j@xing.com,Male,$78867.38
345,Reid,Caghy,rcaghy9k@google.com.br,Male,$24384.45
346,Murial,Caze,mcaze9l@statcounter.com,Female,$12180.47
347,Parke,Tabord,ptabord9m@miibeian.gov.cn,Male,$65844.84
348,Allina,Gatman,agatman9n@ifeng.com,Female,$83427.32
349,Darb,Steffans,dsteffans9o@live.com,Female,$55271.68
350,Katina,Baker,kbaker9p@shop-pro.jp,Female,$64311.17
351,Aldon,Barkas,abarkas9q@bluehost.com,Male,$83278.50
352,Christoph,Zamora,czamora9r@slashdot.org,Male,$57828.88
353,Camey,Corbally,ccorbally9s@gizmodo.com,Male,$43335.44
354,Electra,Stirton,estirton9t@fotki.com,Female,$64855.22
355,Mia,Kinnon,mkinnon9u@gov.uk,Female,$67835.40
356,Raeann,Ashpole,rashpole9v@theglobeandmail.com,Female,$25640.80
357,Alastair,Brewood,abrewood9w@yellowpages.com,Male,$43918.75
358,Carin,Shirtcliffe,cshirtcliffe9x@live.com,Female,$36233.53
359,Thorny,Heino,theino9y@myspace.com,Male,$71727.96
360,Barde,Herculeson,bherculeson9z@walmart.com,Male,$97407.60
361,Joana,Biggans,jbiggansa0@multiply.com,Female,$48126.73
362,Aland,Kiggel,akiggela1@hexun.com,Male,$54595.04
363,Bradney,Marskell,bmarskella2@hp.com,Male,$67296.83
364,Berkly,Malacrida,bmalacridaa3@usgs.gov,Male,$44373.96
365,Tiff,Plews,tplewsa4@naver.com,Female,$10517.51
366,Lorilyn,Blackstock,lblackstocka5@eepurl.com,Female,$15721.97
367,Dannel,Campling,dcamplinga6@usa.gov,Male,$65056.03
368,Fields,Pindar,fpindara7@columbia.edu,Male,$55349.46
369,Kaela,Aristide,karistidea8@ucla.edu,Female,$12480.55
370,Salomon,Major,smajora9@microsoft.com,Male,$71962.74
371,Leanora,Hansom,lhansomaa@ovh.net,Female,$60614.56
372,Adriane,Meins,ameinsab@t-online.de,Female,$39266.32
373,Camilla,Mouser,cmouserac@engadget.com,Female,$46796.00
374,Peyton,Grimsdell,pgrimsdellad@cafepress.com,Male,$29828.94
375,Carmel,Greenrde,cgreenrdeae@goodreads.com,Female,$98598.69
376,Katina,Lindenbluth,klindenbluthaf@loc.gov,Female,$96990.51
377,Enid,Malham,emalhamag@nbcnews.com,Female,$27436.91
378,Bernadina,Stopford,bstopfordah@nih.gov,Female,$91864.46
379,Rudiger,Barnett,rbarnettai@cisco.com,Male,$96272.79
380,Susie,Keneford,skenefordaj@who.int,Female,$93839.75
381,Kaja,Linder,klinderak@boston.com,Female,$77059.65
382,Rutter,Sinderland,rsinderlandal@cam.ac.uk,Male,$22391.91
383,Donnamarie,Fallow,dfallowam@flickr.com,Female,$26083.07
384,Gradeigh,Clowsley,gclowsleyan@smh.com.au,Male,$60879.28
385,Demetra,Teeney,dteeneyao@amazon.co.jp,Female,$11981.93
386,Bambi,Flockhart,bflockhartap@va.gov,Female,$15324.57
387,Freda,Janouch,fjanouchaq@ehow.com,Female,$64354.09
388,Tibold,Thews,tthewsar@about.me,Male,$63794.19
389,Liv,Fulop,lfulopas@epa.gov,Female,$63935.64
390,Kynthia,Mandrier,kmandrierat@drupal.org,Female,$94046.15
391,Licha,Larrington,llarringtonau@census.gov,Female,$20657.47
392,Alexandros,Note,anoteav@nhs.uk,Male,$41691.81
393,Micky,Gladeche,mgladecheaw@friendfeed.com,Male,$38506.86
394,Tybalt,McKeag,tmckeagax@mashable.com,Male,$35471.20
395,Slade,Summons,ssummonsay@topsy.com,Male,$52025.67
396,Ardelle,Buss,abussaz@opera.com,Female,$64812.42
397,Shurlock,Ohrt,sohrtb0@webeden.co.uk,Male,$81013.85
398,Sutherlan,Gauford,sgaufordb1@slideshare.net,Male,$14131.56
399,Mick,Tinsey,mtinseyb2@ehow.com,Male,$74999.02
400,Ettie,Belderson,ebeldersonb3@mapquest.com,Female,$80480.31
401,Lloyd,O'Feeney,lofeeneyb4@fda.gov,Male,$97884.20
402,Merry,Chadbourne,mchadbourneb5@xing.com,Female,$19489.97
403,Sawyere,Dowden,sdowdenb6@prnewswire.com,Male,$32789.32
404,Von,Heakins,vheakinsb7@networkadvertising.org,Male,$61399.32
405,Danna,Jaggers,djaggersb8@freewebs.com,Female,$27674.52
406,Bron,Pechet,bpechetb9@berkeley.edu,Male,$41627.92
407,Nicoli,Sirett,nsirettba@engadget.com,Female,$87654.44
408,Tiffie,Andriessen,tandriessenbb@drupal.org,Female,$62941.08
409,Barris,Tilford,btilfordbc@utexas.edu,Male,$14792.92
410,Sidonnie,Chaudhry,schaudhrybd@who.int,Female,$70275.13
411,Scot,Munks,smunksbe@umich.edu,Male,$43260.01
412,Odie,Seifenmacher,oseifenmacherbf@google.de,Male,$42851.41
413,Shirlee,Bindin,sbindinbg@hhs.gov,Female,$51580.69
414,Chiarra,Lodwick,clodwickbh@ucsd.edu,Female,$23572.79
415,Frederic,Bruneau,fbruneaubi@shareasale.com,Male,$23840.43
416,Edeline,Greenin,egreeninbj@kickstarter.com,Female,$86081.11
417,Gray,Barthot,gbarthotbk@flickr.com,Male,$53094.97
418,Darla,Brittain,dbrittainbl@soundcloud.com,Female,$82324.37
419,Cam,Mattingley,cmattingleybm@upenn.edu,Male,$74921.09
420,Richy,Blackborne,rblackbornebn@barnesandnoble.com,Male,$31368.18
421,Laure,Briars,lbriarsbo@meetup.com,Female,$34472.63
422,Burgess,Leitche,bleitchebp@hibu.com,Genderfluid,$21359.43
423,Beck,Cuberley,bcuberleybq@cocolog-nifty.com,Male,$42876.11
424,Feliks,Devaney,fdevaneybr@yandex.ru,Male,$95452.58
425,Auria,Fidgett,afidgettbs@blinklist.com,Female,$85961.81
426,Lothaire,Lusher,llusherbt@msn.com,Male,$63149.82
427,Irwinn,Cookley,icookleybu@bloomberg.com,Male,$79434.96
428,Tallia,Freezer,tfreezerbv@gmpg.org,Female,$42288.43
429,Faustina,Bamborough,fbamboroughbw@aboutads.info,Female,$87722.23
430,Ursola,Tabourier,utabourierbx@usda.gov,Female,$40849.10
431,Juliane,Beebis,jbeebisby@washington.edu,Female,$62759.90
432,Kain,Blaxley,kblaxleybz@indiegogo.com,Male,$20686.90
433,Claire,Woodus,cwoodusc0@purevolume.com,Male,$63571.58
434,Craggie,O'Nolan,conolanc1@goodreads.com,Male,$96603.46
435,Nataniel,Feake,nfeakec2@icq.com,Male,$84358.84
436,Gerard,Shard,gshardc3@1688.com,Male,$16269.61
437,Roderich,Varnes,rvarnesc4@flavors.me,Male,$80695.94
438,Kissiah,Loudyan,kloudyanc5@epa.gov,Female,$71061.07
439,Imelda,Songhurst,isonghurstc6@goo.ne.jp,Female,$31536.48
440,Michelina,Piser,mpiserc7@archive.org,Female,$96877.47
441,Bealle,Swaden,bswadenc8@java.com,Male,$44642.45
442,Candy,Sloyan,csloyanc9@cloudflare.com,Female,$69455.98
443,George,Matskiv,gmatskivca@purevolume.com,Male,$55967.48
444,Jareb,Grigorescu,jgrigorescucb@zdnet.com,Male,$19536.19
445,Deina,Chomiszewski,dchomiszewskicc@nsw.gov.au,Female,$27157.47
446,Kristen,Scothern,kscotherncd@wufoo.com,Non-binary,$25394.02
447,Marven,Berry,mberryce@ifeng.com,Male,$16849.95
448,Jim,Mogford,jmogfordcf@icio.us,Non-binary,$57144.14
449,Tucker,Riteley,triteleycg@twitter.com,Male,$80053.92
450,Charlie,Shore,cshorech@infoseek.co.jp,Male,$89909.21
451,Karlens,Haylor,khaylorci@goo.gl,Male,$71453.79
452,Holly,Brunicke,hbrunickecj@cocolog-nifty.com,Polygender,$35682.33
453,Harrison,Kix,hkixck@answers.com,Male,$45167.52
454,Oralle,Raddenbury,oraddenburycl@alibaba.com,Female,$50756.63
455,Lola,Raubheim,lraubheimcm@wikia.com,Female,$38698.52
456,Tulley,Fidell,tfidellcn@stumbleupon.com,Male,$71017.51
457,Babita,McGahy,bmcgahyco@ocn.ne.jp,Female,$86501.38
458,Selie,Schreurs,sschreurscp@macromedia.com,Bigender,$11800.35
459,Wilden,Malatalant,wmalatalantcq@boston.com,Male,$10422.89
460,Giacopo,Antonietti,gantonietticr@creativecommons.org,Male,$67240.39
461,Evania,Targetter,etargettercs@pbs.org,Female,$66416.46
462,Beatrix,Sprott,bsprottct@godaddy.com,Female,$76662.37
463,Ad,Aggis,aaggiscu@eventbrite.com,Male,$27003.87
464,Flynn,Birchill,fbirchillcv@cargocollective.com,Male,$17694.11
465,Clevie,O'Cooney,cocooneycw@marriott.com,Male,$10379.10
466,Sinclair,Blaydon,sblaydoncx@ca.gov,Male,$66485.13
467,Kath,Bladder,kbladdercy@123-reg.co.uk,Female,$13592.08
468,Colette,Bruyntjes,cbruyntjescz@biglobe.ne.jp,Female,$70702.00
469,Caterina,Borg-Bartolo,cborgbartolod0@europa.eu,Female,$43511.14
470,Maddy,Episcopi,mepiscopid1@i2i.jp,Male,$74040.82
471,Robers,Lowndsborough,rlowndsboroughd2@economist.com,Male,$75317.15
472,Nicolina,Redgewell,nredgewelld3@rakuten.co.jp,Female,$24267.26
473,Doralynn,Brindle,dbrindled4@indiegogo.com,Female,$85207.72
474,Temp,Sesons,tsesonsd5@1688.com,Male,$15509.43
475,Stephine,Chang,schangd6@cdbaby.com,Female,$55865.35
476,Arlina,Kiefer,akieferd7@mtv.com,Female,$62860.24
477,Mada,Sidebotham,msidebothamd8@posterous.com,Female,$59250.34
478,Kendal,Dines,kdinesd9@vimeo.com,Male,$62807.02
479,Willette,Jorden,wjordenda@yolasite.com,Female,$15605.16
480,Jae,Uridge,juridgedb@reddit.com,Male,$71340.84
481,Lucilia,Barthelmes,lbarthelmesdc@businessweek.com,Bigender,$17847.62
482,Chrissie,Stening,csteningdd@comsenz.com,Male,$70877.77
483,Fancie,Slad,fsladde@google.co.uk,Female,$90137.78
484,Jami,Meir,jmeirdf@unicef.org,Female,$55005.25
485,Lisle,Undrill,lundrilldg@live.com,Male,$38569.15
486,Kirsteni,Keal,kkealdh@163.com,Female,$51277.73
487,Ursa,Mynard,umynarddi@nasa.gov,Female,$11098.67
488,Keri,Ransley,kransleydj@imageshack.us,Female,$26397.74
489,Melisande,Osant,mosantdk@domainmarket.com,Female,$65728.02
490,Claude,Yeldon,cyeldondl@google.de,Agender,$69406.72
491,Kassey,Kuhlen,kkuhlendm@sfgate.com,Female,$76438.47
492,Karel,Sherland,ksherlanddn@mac.com,Male,$59070.25
493,Natty,Thorwarth,nthorwarthdo@illinois.edu,Female,$84456.56
494,Jenilee,Sotheby,jsothebydp@edublogs.org,Agender,$89509.03
495,Dasie,Comer,dcomerdq@w3.org,Female,$15385.92
496,Billie,Giovannacc@i,bgiovannaccidr@blog.com,Male,$56981.08
497,Kaycee,Sambidge,ksambidgeds@blogger.com,Female,$50000.24
498,Lonnard,Pomery,lpomerydt@ezinearticles.com,Male,$54616.40
499,Rosie,Atcherley,ratcherleydu@arizona.edu,Female,$39961.17
500,Elbert,Phayre,ephayredv@ning.com,Male,$51830.38
501,Robinett,Gounel,rgouneldw@uol.com.br,Female,$30307.04
502,Junia,Byrth,jbyrthdx@google.co.jp,Female,$75525.90
503,Roland,Mattiuzzi,rmattiuzzidy@admin.ch,Male,$91997.44
504,Pasquale,Ram,pramdz@infoseek.co.jp,Male,$99854.62
505,Harcourt,Bownass,hbownasse0@yale.edu,Male,$28466.98
506,Ulric,Meriot,umeriote1@lycos.com,Male,$86304.39
507,Kevan,Whaley,kwhaleye2@jimdo.com,Male,$14224.22
508,Nealy,Glasscoe,nglasscoee3@jimdo.com,Male,$62758.13
509,Colly,Papez,cpapeze4@cbc.ca,Non-binary,$97014.55
510,Addie,Bamlet,abamlete5@networkadvertising.org,Female,$48322.96
511,Far,St. Quintin,fstquintine6@discovery.com,Male,$99962.25
512,Berk,Reoch,breoche7@marketwatch.com,Male,$26586.31
513,Michael,Gulvin,mgulvine8@spiegel.de,Male,$96645.17
514,Elane,Frenzl,efrenzle9@ow.ly,Female,$24991.70
515,Torin,Miguel,tmiguelea@wp.com,Male,$24330.22
516,Friedrich,Doree,fdoreeeb@parallels.com,Male,$86507.87
517,Barbi,Turbitt,bturbittec@squarespace.com,Female,$97047.62
518,Kali,McGlaughn,kmcglaughned@economist.com,Female,$61189.61
519,Aleta,Mowsdill,amowsdillee@sfgate.com,Female,$52497.61
520,Jarid,Jesty,jjestyef@narod.ru,Male,$95917.93
521,Emera,Hargroves,ehargroveseg@army.mil,Female,$76848.33
522,Joline,Scolts,jscoltseh@elpais.com,Female,$48644.38
523,Kristien,Chaimson,kchaimsonei@t-online.de,Female,$97666.55
524,Eduino,Dillistone,edillistoneej@chicagotribune.com,Male,$17019.02
525,Robinson,Fever,rfeverek@marketwatch.com,Male,$56360.79
526,Glyn,Neathway,gneathwayel@about.me,Female,$78795.50
527,Dickie,Pebworth,dpebworthem@npr.org,Agender,$10042.49
528,Robinson,Cobson,rcobsonen@theguardian.com,Male,$27754.70
529,Tannie,Gulley,tgulleyeo@newyorker.com,Male,$60436.20
530,Nestor,Bielby,nbielbyep@themeforest.net,Male,$21349.09
531,Theresa,Jumeau,tjumeaueq@goo.ne.jp,Female,$74469.51
532,Dominga,Malthouse,dmalthouseer@de.vu,Female,$89737.13
533,Brooke,Ebbing,bebbinges@sbwire.com,Male,$83384.11
534,Karola,Sickling,ksicklinget@friendfeed.com,Female,$61282.01
535,Branden,Dobson,bdobsoneu@list-manage.com,Non-binary,$50432.89
536,Derwin,Pohl,dpohlev@exblog.jp,Male,$60962.23
537,Meta,Quipp,mquippew@amazon.co.jp,Female,$66744.69
538,Chandal,Kibbee,ckibbeeex@mayoclinic.com,Female,$51634.89
539,Zorina,Dobell,zdobelley@dyndns.org,Female,$16069.39
540,Tomlin,De Moreno,tdemorenoez@loc.gov,Male,$40329.78
541,Catha,Delatour,cdelatourf0@mapy.cz,Female,$58275.91
542,Myrtice,Birdis,mbirdisf1@geocities.com,Female,$98951.17
543,Ulric,Pinel,upinelf2@nymag.com,Male,$91979.39
544,Jeana,Leafe,jleafef3@thetimes.co.uk,Female,$32864.91
545,Kessiah,Jehaes,kjehaesf4@nba.com,Female,$61323.01
546,Godart,Baudone,gbaudonef5@phoca.cz,Male,$80091.27
547,Gabriele,Proger,gprogerf6@ucla.edu,Male,$15410.79
548,Matias,Woolaston,mwoolastonf7@shop-pro.jp,Male,$87218.38
549,Jackson,Barnaby,jbarnabyf8@merriam-webster.com,Male,$23313.95
550,Herminia,Zamorrano,hzamorranof9@pagesperso-orange.fr,Female,$61507.69
551,Jacob,Harcourt,jharcourtfa@a8.net,Genderqueer,$82625.95
552,Marsh,Letertre,mletertrefb@opera.com,Male,$89939.79
553,Merle,Manass,mmanassfc@accuweather.com,Female,$81042.07
554,Prissie,Fantham,pfanthamfd@delicious.com,Female,$33330.69
555,Robb,Seagrove,rseagrovefe@purevolume.com,Male,$34321.65
556,Jo,Pickavant,jpickavantff@myspace.com,Female,$29952.41
557,Alasdair,O'Duane,aoduanefg@discovery.com,Male,$71815.62
558,Peggie,Heditch,pheditchfh@amazonaws.com,Female,$59671.09
559,Alissa,MacMeanma,amacmeanmafi@chron.com,Female,$23982.23
560,Ediva,Danford,edanfordfj@arizona.edu,Female,$62723.83
561,Bertina,Eby,bebyfk@technorati.com,Female,$31738.20
562,Pru,Langmaid,plangmaidfl@ezinearticles.com,Female,$44093.57
563,Jecho,Founds,jfoundsfm@meetup.com,Male,$41620.04
564,Sterne,Praundl,spraundlfn@blogs.com,Male,$56584.91
565,Elvina,Vesty,evestyfo@addthis.com,Female,$76261.34
566,Vasilis,Ellit,vellitfp@vk.com,Male,$23690.37
567,Jens,Robrose,jrobrosefq@umn.edu,Male,$75950.21
568,Howie,Bickerton,hbickertonfr@cisco.com,Male,$15272.20
569,Godwin,Janicki,gjanickifs@admin.ch,Male,$41908.93
570,Christy,Biernacki,cbiernackift@lulu.com,Female,$99453.70
571,Alwyn,Riccione,ariccionefu@cnet.com,Male,$16142.90
572,Garv,Cowle,gcowlefv@bbb.org,Male,$50496.88
573,Erin,Allerton,eallertonfw@mozilla.org,Male,$56211.08
574,Hanson,Kulvear,hkulvearfx@google.com.br,Male,$27351.38
575,Brandise,Cawtheray,bcawtherayfy@aol.com,Female,$15575.15
576,Milka,Rowley,mrowleyfz@narod.ru,Female,$66252.80
577,Crissie,Sutworth,csutworthg0@list-manage.com,Female,$17665.95
578,Niel,Fache,nfacheg1@boston.com,Male,$65478.66
579,Annabella,Edelheit,aedelheitg2@wikipedia.org,Female,$34146.34
580,Malvin,Billitteri,mbillitterig3@i2i.jp,Male,$97897.54
581,Anne-marie,Feragh,aferaghg4@moonfruit.com,Female,$70426.56
582,Kiley,Vala,kvalag5@cam.ac.uk,Male,$42778.28
583,Valentin,Deards,vdeardsg6@imdb.com,Male,$55071.05
584,Roxanne,Wolfenden,rwolfendeng7@earthlink.net,Female,$14757.50
585,Georas,Peek,gpeekg8@webmd.com,Male,$20765.03
586,Bing,Liddicoat,bliddicoatg9@google.com,Male,$55391.95
587,Penn,Antos,pantosga@yandex.ru,Male,$41377.21
588,Ivette,Jeratt,ijerattgb@wunderground.com,Female,$94564.67
589,Darwin,Hune,dhunegc@w3.org,Male,$94768.02
590,Hyatt,Squibbes,hsquibbesgd@storify.com,Male,$36948.80
591,Ninnetta,McNiven,nmcnivenge@scientificamerican.com,Female,$15445.21
592,Corry,Janiszewski,cjaniszewskigf@nymag.com,Female,$97393.44
593,Colas,Gresty,cgrestygg@ted.com,Male,$27780.26
594,Becki,Masham,bmashamgh@comsenz.com,Female,$42679.26
595,Ann-marie,Kopacek,akopacekgi@salon.com,Female,$62237.39
596,Pennie,Shelsher,pshelshergj@ifeng.com,Female,$51891.30
597,Andrus,Janny,ajannygk@sohu.com,Male,$74152.51
598,Drud,Buckham,dbuckhamgl@shutterfly.com,Male,$71341.15
599,Barnard,MacKeeg,bmackeeggm@sphinn.com,Male,$17902.16
600,Karoline,Lindores,klindoresgn@ning.com,Female,$97377.73
601,Sheila,Rollin,srollingo@howstuffworks.com,Female,$12890.02
602,Orv,Utton,outtongp@123-reg.co.uk,Agender,$52546.02
603,Tamma,Orht,torhtgq@dailymail.co.uk,Female,$69834.24
604,Judas,Slainey,jslaineygr@quantcast.com,Male,$34809.13
605,Erinn,Petruska,epetruskags@stumbleupon.com,Female,$57690.36
606,Kevon,Briston,kbristongt@mail.ru,Male,$72379.67
607,Sharia,Luddy,sluddygu@about.me,Female,$32013.74
608,Crissie,Chestnut,cchestnutgv@tripod.com,Female,$87714.01
609,Elnore,Towhey,etowheygw@blogspot.com,Female,$43541.97
610,Orazio,Strooband,ostroobandgx@washingtonpost.com,Male,$17724.39
611,Ranee,Dignan,rdignangy@netvibes.com,Female,$10215.70
612,Kalli,Harroway,kharrowaygz@1und1.de,Female,$38279.76
613,Heall,Dawdry,hdawdryh0@thetimes.co.uk,Male,$89565.39
614,Zebedee,Plumridge,zplumridgeh1@java.com,Male,$58162.51
615,Auria,Brugsma,abrugsmah2@printfriendly.com,Female,$78150.98
616,Raddy,Halley,rhalleyh3@creativecommons.org,Male,$98264.39
617,Sandy,Stanes,sstanesh4@stanford.edu,Female,$48963.17
618,Constantia,Bethel,cbethelh5@barnesandnoble.com,Female,$18910.40
619,Temp,McEachern,tmceachernh6@java.com,Agender,$53164.20
620,Adrea,Meneghi,ameneghih7@nationalgeographic.com,Non-binary,$99553.35
621,Leonhard,Demageard,ldemageardh8@noaa.gov,Male,$32936.92
622,Brian,Pennuzzi,bpennuzzih9@marriott.com,Genderqueer,$62908.71
623,Octavius,McIan,omcianha@amazonaws.com,Male,$98218.57
624,Codie,Eagland,ceaglandhb@friendfeed.com,Female,$70021.24
625,Donnamarie,Mapson,dmapsonhc@tripod.com,Female,$20287.70
626,Brynn,MacAless,bmacalesshd@globo.com,Female,$84772.68
627,Abagael,Deporte,adeportehe@ycombinator.com,Female,$87696.33
628,Riki,Addicott,raddicotthf@seattletimes.com,Female,$36285.60
629,Pennie,McDougal,pmcdougalhg@odnoklassniki.ru,Male,$23232.42
630,Maurizio,McPhate,mmcphatehh@patch.com,Male,$58388.44
631,Gerrard,Quemby,gquembyhi@etsy.com,Male,$34516.07
632,Raphael,Garron,rgarronhj@bravesites.com,Male,$77155.84
633,Serena,Jimson,sjimsonhk@yale.edu,Female,$33031.20
634,Clayborne,Millhouse,cmillhousehl@dyndns.org,Genderqueer,$58915.21
635,Gerladina,Ackroyd,gackroydhm@ibm.com,Genderfluid,$32745.16
636,Aube,Pegrum,apegrumhn@deviantart.com,Male,$31743.29
637,Christalle,Patrickson,cpatricksonho@abc.net.au,Female,$21712.20
638,Jedidiah,Lambdin,jlambdinhp@samsung.com,Male,$93465.89
639,Halette,Pickaver,hpickaverhq@disqus.com,Female,$57305.84
640,Franky,Estabrook,festabrookhr@yelp.com,Genderqueer,$67416.03
641,Debbie,Spicer,dspicerhs@google.de,Female,$89342.72
642,Wilona,Catlin,wcatlinht@wisc.edu,Female,$46858.14
643,Casey,Tomsett,ctomsetthu@webnode.com,Bigender,$30865.86
644,Hasty,Warkup,hwarkuphv@samsung.com,Male,$15408.50
645,Tessa,Franklyn,tfranklynhw@booking.com,Female,$83232.21
646,Gail,Kintzel,gkintzelhx@about.com,Male,$60817.99
647,Martha,Lardier,mlardierhy@php.net,Non-binary,$57130.95
648,Travus,Pantin,tpantinhz@alexa.com,Male,$75472.34
649,Charissa,Cerro,ccerroi0@msn.com,Female,$52885.50
650,Coreen,Macknish,cmacknishi1@google.it,Female,$55043.66
651,Emerson,Klimpke,eklimpkei2@youtube.com,Male,$83980.86
652,Kliment,Sturman,ksturmani3@tiny.cc,Non-binary,$60853.14
653,Raquel,Pyffe,rpyffei4@cnbc.com,Female,$80002.31
654,Arlan,Sloegrave,asloegravei5@who.int,Genderqueer,$60080.46
655,Kamila,Malter,kmalteri6@vistaprint.com,Non-binary,$93954.82
656,Izabel,Ancliffe,iancliffei7@clickbank.net,Genderqueer,$81817.42
657,Celestia,Nicely,cnicelyi8@nsw.gov.au,Female,$55251.41
658,Durante,Thurlborn,dthurlborni9@php.net,Male,$75337.83
659,Dacy,McGinty,dmcgintyia@google.com,Female,$93302.00
660,Tanner,Bottomore,tbottomoreib@squarespace.com,Male,$77864.72
661,Aleda,Mayoh,amayohic@facebook.com,Polygender,$85791.99
662,Shirlene,Moorerud,smoorerudid@amazon.co.jp,Female,$12417.42
663,Roman,O'Nion,ronionie@state.gov,Male,$11018.67
664,Eleen,Klejin,eklejinif@nsw.gov.au,Female,$83327.11
665,Quentin,Gluyas,qgluyasig@rediff.com,Female,$47103.89
666,Callean,Tomini,ctominiih@abc.net.au,Male,$70720.88
667,Shelia,Delgadillo,sdelgadilloii@issuu.com,Female,$28196.37
668,Fin,Sphinxe,fsphinxeij@symantec.com,Male,$54736.75
669,Zilvia,Antuk,zantukik@nydailynews.com,Female,$84310.31
670,Corey,Lodford,clodfordil@imdb.com,Genderfluid,$38955.14
671,Fax,Roarty,froartyim@chicagotribune.com,Male,$41812.11
672,Eba,Martina,emartinain@about.me,Female,$85045.83
673,Kenon,Rushbury,krushburyio@mysql.com,Male,$22662.54
674,Marshall,Ferneley,mferneleyip@furl.net,Male,$85982.53
675,Gerianne,Bofield,gbofieldiq@nsw.gov.au,Female,$48081.27
676,Mord,Ricardou,mricardouir@surveymonkey.com,Male,$48561.23
677,Aurie,Pennick,apennickis@telegraph.co.uk,Female,$32637.99
678,Gena,Mewhirter,gmewhirterit@quantcast.com,Female,$57417.37
679,Eddy,Godon,egodoniu@nyu.edu,Female,$76860.84
680,Evangelia,Lenthall,elenthalliv@gizmodo.com,Female,$45238.70
681,Cirillo,Dressel,cdresseliw@telegraph.co.uk,Male,$11168.31
682,Earvin,Edelheit,eedelheitix@nymag.com,Male,$83893.61
683,Royal,Haugh,rhaughiy@cam.ac.uk,Male,$82181.71
684,Antonetta,Feather,afeatheriz@kickstarter.com,Female,$33706.50
685,Pearline,Moine,pmoinej0@cocolog-nifty.com,Non-binary,$55112.96
686,Luis,Cantillion,lcantillionj1@cmu.edu,Male,$67773.01
687,Christiano,Jaegar,cjaegarj2@wsj.com,Polygender,$22092.86
688,Claudina,Himsworth,chimsworthj3@biglobe.ne.jp,Female,$19115.16
689,Konstantin,Sharples,ksharplesj4@cam.ac.uk,Male,$64065.05
690,Dulcinea,Heffron,dheffronj5@marketwatch.com,Female,$33283.72
691,Fayina,Dugald,fdugaldj6@hhs.gov,Female,$17231.13
692,Towny,Gorham,tgorhamj7@etsy.com,Male,$31113.76
693,Erna,d'Escoffier,edescoffierj8@gov.uk,Female,$22769.85
694,Richardo,Fick,rfickj9@mayoclinic.com,Male,$27585.02
695,Orv,Andrzejowski,oandrzejowskija@chicagotribune.com,Male,$87414.60
696,Jacquelin,Reisenberg,jreisenbergjb@businessweek.com,Bigender,$98213.63
697,Terencio,Aslin,taslinjc@google.ca,Male,$69569.88
698,Al,Garbott,agarbottjd@mapy.cz,Male,$57006.87
699,Diannne,Rayer,drayerje@omniture.com,Female,$46275.09
700,Helge,Loche,hlochejf@storify.com,Female,$41808.98
701,Ramona,Maggiore,rmaggiorejg@unblog.fr,Female,$60574.35
702,Nicol,Claringbold,nclaringboldjh@census.gov,Male,$19621.37
703,Cyrus,Booij,cbooijji@spotify.com,Male,$72937.09
704,Erin,Lamb,elambjj@sfgate.com,Male,$41778.21
705,Anya,McMillan,amcmillanjk@sun.com,Female,$39221.75
706,Crystal,Fitzer,cfitzerjl@photobucket.com,Female,$89916.98
707,Paquito,Morena,pmorenajm@theglobeandmail.com,Male,$99998.53
708,Creight,Crosbie,ccrosbiejn@booking.com,Male,$95945.60
709,Cirillo,Byrch,cbyrchjo@microsoft.com,Male,$44441.61
710,Ragnar,Carleton,rcarletonjp@cpanel.net,Male,$85427.73
711,Lauryn,Bowdler,lbowdlerjq@i2i.jp,Female,$61505.59
712,Gale,Berkowitz,gberkowitzjr@census.gov,Male,$57691.13
713,Alie,Attock,aattockjs@hibu.com,Female,$87010.07
714,Sonnnie,Lebourn,slebournjt@geocities.com,Female,$94740.40
715,Becki,Boutton,bbouttonju@yahoo.co.jp,Female,$38186.42
716,Vivyan,Paszak,vpaszakjv@t.co,Female,$15294.05
717,Mag,Tomlinson,mtomlinsonjw@microsoft.com,Female,$33318.13
718,Engracia,Beadham,ebeadhamjx@sitemeter.com,Female,$49546.30
719,Teodora,Flegg,tfleggjy@sun.com,Female,$83872.52
720,Helaina,Kipling,hkiplingjz@weather.com,Non-binary,$92119.95
721,Denver,Cheesley,dcheesleyk0@weibo.com,Male,$22291.59
722,Orin,Winfindale,owinfindalek1@theguardian.com,Male,$21628.14
723,Justinian,Meneyer,jmeneyerk2@macromedia.com,Male,$61094.38
724,Heinrick,Bugge,hbuggek3@usa.gov,Male,$64902.10
725,Deonne,McAreavey,dmcareaveyk4@msu.edu,Female,$42431.93
726,Rhianon,Kopje,rkopjek5@meetup.com,Female,$52293.74
727,Addi,Jeanet,ajeanetk6@i2i.jp,Female,$61288.59
728,Gillan,Mannion,gmannionk7@tamu.edu,Female,$59440.84
729,Staford,Jewks,sjewksk8@independent.co.uk,Male,$16029.41
730,Juliana,McGuff,jmcguffk9@wikia.com,Female,$15953.32
731,Karalynn,Donisi,kdonisika@eepurl.com,Female,$30899.75
732,Betteann,De Pietri,bdepietrikb@ameblo.jp,Female,$84209.80
733,Ferdy,Dargavel,fdargavelkc@artisteer.com,Male,$45688.14
734,Wylma,Thurber,wthurberkd@freewebs.com,Female,$31352.96
735,Cass,Really,creallyke@google.com.br,Female,$67246.35
736,Patrizio,Chapple,pchapplekf@aboutads.info,Male,$47774.61
737,Hamil,Capes,hcapeskg@unc.edu,Male,$13402.67
738,Baryram,Benford,bbenfordkh@a8.net,Male,$55170.46
739,Dion,Likely,dlikelyki@ehow.com,Male,$53967.10
740,Estella,Doy,edoykj@arstechnica.com,Female,$80841.24
741,Benedicto,McReath,bmcreathkk@pagesperso-orange.fr,Male,$20836.09
742,Mathe,Gozard,mgozardkl@wikimedia.org,Male,$36521.85
743,Anastasie,Drummond,adrummondkm@cnbc.com,Female,$57063.18
744,Cassaundra,Arrault,carraultkn@angelfire.com,Female,$25065.77
745,Bartholomeo,Tomlinson,btomlinsonko@omniture.com,Male,$14225.60
746,Corney,Stoade,cstoadekp@prnewswire.com,Male,$67384.89
747,Pauli,Beelby,pbeelbykq@pen.io,Female,$97131.25
748,Otto,Hall-Gough,ohallgoughkr@instagram.com,Male,$23134.69
749,Delia,Haugeh,dhaugehks@tmall.com,Genderfluid,$50860.06
750,Bea,Dinsdale,bdinsdalekt@usatoday.com,Female,$82198.37
751,Hyacintha,Gowing,hgowingku@hao123.com,Female,$98058.53
752,Dennie,Eadmead,deadmeadkv@nationalgeographic.com,Male,$95293.52
753,Vin,Fearne,vfearnekw@stanford.edu,Female,$43862.12
754,Shelagh,Casel,scaselkx@answers.com,Female,$21016.75
755,Tonnie,Hinchcliffe,thinchcliffeky@newsvine.com,Male,$81647.75
756,Jenni,Sambell,jsambellkz@cocolog-nifty.com,Genderqueer,$96890.24
757,Alene,Aronowitz,aaronowitzl0@cnet.com,Female,$52239.30
758,Ardath,Vauter,avauterl1@sbwire.com,Female,$21181.64
759,Jean,Lewins,jlewinsl2@nature.com,Female,$98357.05
760,Pip,Donhardt,pdonhardtl3@odnoklassniki.ru,Male,$30607.28
761,Krysta,Korting,kkortingl4@ifeng.com,Female,$35825.27
762,Vicki,Eastabrook,veastabrookl5@edublogs.org,Female,$71087.97
763,Therese,Broader,tbroaderl6@ifeng.com,Female,$44474.79
764,Florida,Van der Brug,fvanderbrugl7@zimbio.com,Female,$40826.33
765,Aloin,Spur,aspurl8@skype.com,Male,$71519.79
766,Gawain,Nacey,gnaceyl9@joomla.org,Male,$65194.64
767,Bail,Rushworth,brushworthla@ehow.com,Male,$67862.48
768,Tomlin,Giovanazzi,tgiovanazzilb@princeton.edu,Male,$44476.47
769,Sher,Shelf,sshelflc@weibo.com,Female,$37414.36
770,Maria,Tack,mtackld@scribd.com,Female,$25229.30
771,Kayle,Twelftree,ktwelftreele@answers.com,Female,$45935.12
772,Kyle,McBlain,kmcblainlf@google.es,Genderqueer,$14373.50
773,Dorella,Lowings,dlowingslg@state.gov,Non-binary,$80827.13
774,Madeline,Middlewick,mmiddlewicklh@livejournal.com,Female,$89001.46
775,Lanna,Fury,lfuryli@utexas.edu,Female,$98460.24
776,Jolee,Rowberry,jrowberrylj@upenn.edu,Agender,$64380.34
777,Khalil,Avory,kavorylk@canalblog.com,Male,$41316.06
778,Lenette,Lebang,llebangll@amazon.co.jp,Female,$66950.58
779,Rois,de Savery,rdesaverylm@twitter.com,Female,$75489.34
780,Oberon,Slyvester,oslyvesterln@berkeley.edu,Male,$59037.84
781,Corabel,Levin,clevinlo@bravesites.com,Female,$31919.05
782,Fletch,Ullett,fullettlp@soundcloud.com,Male,$66077.17
783,Merilyn,Edwardes,medwardeslq@ning.com,Female,$82949.21
784,Moe,Amery,mamerylr@msu.edu,Male,$73077.89
785,Jeno,Shillaber,jshillaberls@oakley.com,Male,$14577.76
786,Madeleine,Queree,mquereelt@blogs.com,Female,$47905.12
787,Ryun,Steddall,rsteddalllu@tinyurl.com,Male,$96755.44
788,Fonzie,Atyea,fatyealv@whitehouse.gov,Male,$82637.13
789,Mia,Savery,msaverylw@alexa.com,Female,$62950.87
790,Delaney,Ales0,daleslx@amazon.com,Male,$26880.15
791,Shayla,Zuanazzi,szuanazzily@ft.com,Female,$30520.67
792,Kinny,Ledgeway,kledgewaylz@altervista.org,Male,$87992.39
793,Jaquith,Peever,jpeeverm0@samsung.com,Genderfluid,$50562.79
794,Lindon,Chapelhow,lchapelhowm1@qq.com,Male,$62432.51
795,Tim,Hassin,thassinm2@deliciousdays.com,Male,$28147.61
796,Emily,Locard,elocardm3@i2i.jp,Female,$23568.37
797,Westbrook,Fearns,wfearnsm4@wunderground.com,Male,$87444.14
798,Curran,Shortland,cshortlandm5@patch.com,Male,$39749.05
799,Maureen,Dimmer,mdimmerm6@hc360.com,Genderfluid,$43397.43
800,Nikos,Comberbeach,ncomberbeachm7@berkeley.edu,Male,$73110.01
801,Ransell,Assur,rassurm8@weebly.com,Male,$27979.59
802,Madalyn,Penticoot,mpenticootm9@alibaba.com,Female,$33394.96
803,Kahaleel,Catterill,kcatterillma@cnet.com,Male,$13441.89
804,Early,Malecky,emaleckymb@opera.com,Male,$20886.45
805,Hollie,Figurski,hfigurskimc@aol.com,Female,$63133.98
806,Mahalia,Ghilardi,mghilardimd@intel.com,Female,$28616.53
807,Kakalina,Shoppee,kshoppeeme@techcrunch.com,Female,$16844.24
808,Gussi,Rawne,grawnemf@wunderground.com,Genderqueer,$27331.64
809,Binni,Moultrie,bmoultriemg@pcworld.com,Female,$48769.86
810,Chloette,Bettleson,cbettlesonmh@engadget.com,Female,$78696.15
811,Gaby,Nickoles,gnickolesmi@virginia.edu,Female,$45868.40
812,Noby,Lavies,nlaviesmj@economist.com,Male,$78230.73
813,Milissent,McGrory,mmcgrorymk@xrea.com,Female,$22023.32
814,Maris,Breming,mbremingml@vistaprint.com,Female,$15838.17
815,Michal,Goublier,mgoubliermm@elegantthemes.com,Male,$27377.95
816,Odelia,Cod,ocodmn@baidu.com,Female,$94580.67
817,Ree,Averill,raverillmo@merriam-webster.com,Female,$33204.17
818,Helen-elizabeth,Ivanishin,hivanishinmp@lycos.com,Female,$41261.28
819,Editha,Frail,efrailmq@cnet.com,Female,$52553.83
820,Fabio,Piggot,fpiggotmr@pen.io,Male,$36088.98
821,Adrea,Brimm,abrimmms@facebook.com,Female,$67635.41
822,Alexis,Vertey,averteymt@businesswire.com,Non-binary,$97980.13
823,Sterne,Mullis,smullismu@microsoft.com,Agender,$22625.30
824,Emmerich,Ryson,erysonmv@arizona.edu,Male,$91100.61
825,Tristan,Cremins,tcreminsmw@tinypic.com,Male,$21495.65
826,Sigismundo,Dallyn,sdallynmx@soundcloud.com,Male,$71810.47
827,Carling,Bletso,cbletsomy@gravatar.com,Male,$74026.02
828,Stephanus,Molloy,smolloymz@google.it,Male,$54499.19
829,Alisander,Porson,aporsonn0@kickstarter.com,Male,$85671.44
830,Issiah,Ascroft,iascroftn1@senate.gov,Male,$15476.79
831,Minnie,Attewell,mattewelln2@netscape.com,Female,$59282.88
832,Alvy,Skures,askuresn3@bbc.co.uk,Male,$38876.98
833,Kahaleel,Gagen,kgagenn4@netscape.com,Male,$11263.30
834,Darcie,Errowe,derrowen5@ucoz.com,Female,$85540.94
835,Pearline,Shakelady,pshakeladyn6@cmu.edu,Female,$47660.68
836,Chadd,Chessil,cchessiln7@wufoo.com,Male,$62334.08
837,Faber,Dellenbrook,fdellenbrookn8@google.co.jp,Male,$38666.82
838,Mignonne,Fidgin,mfidginn9@cbsnews.com,Female,$77404.85
839,Adolf,Basley,abasleyna@springer.com,Male,$73818.79
840,Kyrstin,Ivain,kivainnb@nationalgeographic.com,Agender,$81853.31
841,Theodoric,Jedras,tjedrasnc@vimeo.com,Male,$93988.70
842,Baxy,Gras,bgrasnd@e-recht24.de,Male,$61417.30
843,Frederick,Joint,fjointne@free.fr,Male,$83804.71
844,Erwin,Colquete,ecolquetenf@aol.com,Bigender,$19629.21
845,Johna,Aronstein,jaronsteinng@51.la,Female,$13065.99
846,Kincaid,Vereker,kverekernh@gizmodo.com,Male,$87866.84
847,Josey,Hartzog,jhartzogni@dot.gov,Female,$91933.07
848,Annecorinne,Rawstron,arawstronnj@jalbum.net,Female,$57172.86
849,Vassily,Pescod,vpescodnk@youtu.be,Non-binary,$15857.21
850,Welbie,Easum,weasumnl@purevolume.com,Male,$33439.97
851,Cindie,Picknett,cpicknettnm@last.fm,Female,$73456.34
852,Lay,Caulton,lcaultonnn@vkontakte.ru,Male,$26707.64
853,Garwood,Laneham,glanehamno@pinterest.com,Male,$10069.82
854,Cozmo,Yekel,cyekelnp@soup.io,Male,$87296.16
855,Evelin,Marvell,emarvellnq@comsenz.com,Male,$38790.32
856,Fania,Pettingall,fpettingallnr@skyrock.com,Female,$96214.07
857,Atlante,Nagle,anaglens@flavors.me,Female,$78781.42
858,Ebeneser,Kohring,ekohringnt@multiply.com,Genderfluid,$31564.78
859,Albertine,Burgan,aburgannu@trellian.com,Female,$28129.74
860,Jozef,Steely,jsteelynv@homestead.com,Male,$38714.42
861,Leonid,Kibel,lkibelnw@ox.ac.uk,Male,$61528.16
862,Robinette,Mattioli,rmattiolinx@sitemeter.com,Female,$73534.34
863,Gracie,Moynham,gmoynhamny@cafepress.com,Female,$44019.35
864,Stafani,Fausch,sfauschnz@miibeian.gov.cn,Female,$85329.18
865,Truman,Bradmore,tbradmoreo0@irs.gov,Male,$51920.27
866,Romola,Pfaff,rpfaffo1@studiopress.com,Agender,$73665.44
867,Van,Leghorn,vleghorno2@mysql.com,Male,$14345.17
868,Carlina,Chopin,cchopino3@wix.com,Female,$90655.91
869,Matthaeus,Hamil,mhamilo4@dagondesign.com,Male,$50528.82
870,Simonne,Airth,sairtho5@360.cn,Bigender,$65845.04
871,Tannie,Bosnell,tbosnello6@mapy.cz,Male,$98329.67
872,April,Castaneda,acastanedao7@economist.com,Polygender,$32963.07
873,Jamison,Nore,jnoreo8@phpbb.com,Male,$41980.57
874,Liuka,Radleigh,lradleigho9@behance.net,Female,$86146.72
875,Goldia,Sutlieff,gsutlieffoa@ning.com,Female,$30176.67
876,Vannie,Stanner,vstannerob@dropbox.com,Female,$80843.48
877,Ardella,Butner,abutneroc@paginegialle.it,Bigender,$28930.84
878,Spike,Beels,sbeelsod@about.com,Male,$56154.06
879,Davine,McCulley,dmcculleyoe@desdev.cn,Bigender,$34952.71
880,Darell,Schoolcroft,dschoolcroftof@latimes.com,Female,$43025.61
881,Barde,LeEstut,bleestutog@plala.or.jp,Male,$48206.35
882,Mavra,Snodden,msnoddenoh@uiuc.edu,Female,$20973.10
883,Caitlin,Purkis,cpurkisoi@vinaora.com,Female,$88479.39
884,Melva,Dutson,mdutsonoj@boston.com,Female,$12137.91
885,Ambrose,Clunie,aclunieok@infoseek.co.jp,Male,$29187.21
886,Daniele,Goldstein,dgoldsteinol@discuz.net,Female,$64265.02
887,Marie-jeanne,Nilges,mnilgesom@etsy.com,Female,$77887.55
888,Noble,Spaven,nspavenon@businessinsider.com,Polygender,$17436.96
889,Mic,Eagell,meagelloo@yahoo.co.jp,Male,$11023.49
890,Brandy,Tuxwell,btuxwellop@acquirethisname.com,Female,$69268.15
891,Melonie,Bartaletti,mbartalettioq@networksolutions.com,Female,$26882.06
892,Clark,Hargitt,chargittor@marketwatch.com,Male,$64025.23
893,Ted,Studman,tstudmanos@bing.com,Female,$76007.44
894,Aundrea,Gledhill,agledhillot@whitehouse.gov,Female,$34347.84
895,Mariam,Loade,mloadeou@noaa.gov,Female,$10048.26
896,Shayna,Kintzel,skintzelov@mit.edu,Female,$51729.22
897,Madella,Volkes,mvolkesow@homestead.com,Female,$69891.92
898,Prince,Gribbon,pgribbonox@ebay.com,Male,$70293.82
899,Karlens,Heiner,kheineroy@dmoz.org,Male,$48040.60
900,Jackelyn,Coom,jcoomoz@sfgate.com,Female,$80519.40
901,Cyndia,Drysdell,cdrysdellp0@apple.com,Female,$27347.84
902,Demetra,Kulis,dkulisp1@bloglovin.com,Female,$38543.80
903,Franchot,Gillicuddy,fgillicuddyp2@techcrunch.com,Male,$28987.77
904,Wilek,Braybrook,wbraybrookp3@canalblog.com,Male,$14543.94
905,Conway,Dionsetti,cdionsettip4@lulu.com,Male,$96154.60
906,Park,Jurkowski,pjurkowskip5@spotify.com,Male,$74055.08
907,Emilio,Hollebon,ehollebonp6@t-online.de,Male,$59621.91
908,Wilfrid,Ackroyd,wackroydp7@geocities.com,Male,$98900.04
909,Corabel,Humphery,chumpheryp8@cisco.com,Female,$23023.95
910,Pietro,Gouck,pgouckp9@phpbb.com,Male,$35289.93
911,Frederich,Jocic,fjocicpa@cnet.com,Male,$32482.74
912,Minetta,Vassall,mvassallpb@sun.com,Genderqueer,$15816.15
913,Jarad,Meggison,jmeggisonpc@facebook.com,Male,$52699.29
914,Nye,Hilldrup,nhilldruppd@umn.edu,Male,$87088.92
915,Morey,Wrighton,mwrightonpe@sun.com,Male,$60395.62
916,Scott,Cicetti,scicettipf@utexas.edu,Male,$54153.35
917,Catharine,Watling,cwatlingpg@jigsy.com,Female,$89308.58
918,Pandora,Mildmott,pmildmottph@fotki.com,Genderfluid,$63402.97
919,Courtenay,Barwack,cbarwackpi@japanpost.jp,Female,$59793.00
920,Gearalt,Clewlow,gclewlowpj@cafepress.com,Male,$65774.66
921,Devinne,Ludee,dludeepk@cafepress.com,Female,$71802.84
922,Marguerite,Ive,mivepl@pinterest.com,Female,$86735.56
923,Berkley,Daniello,bdaniellopm@ted.com,Male,$86534.70
924,Akim,Doudny,adoudnypn@businesswire.com,Male,$59365.36
925,Martie,Reynold,mreynoldpo@about.com,Female,$25631.47
926,Ibrahim,O'Donnell,iodonnellpp@dagondesign.com,Male,$42633.24
927,Fayina,Eddleston,feddlestonpq@homestead.com,Female,$89264.63
928,Tadd,Locock,tlocockpr@miitbeian.gov.cn,Male,$35306.46
929,Anastasia,Oats,aoatsps@ifeng.com,Agender,$69882.38
930,Moshe,Rolfini,mrolfinipt@photobucket.com,Male,$62533.21
931,Mathew,Snedker,msnedkerpu@mediafire.com,Male,$23290.83
932,Sanderson,Ghidoli,sghidolipv@jugem.jp,Male,$94565.19
933,Phillipe,Tourner,ptournerpw@sphinn.com,Male,$13946.90
934,Kelley,Presman,kpresmanpx@wsj.com,Male,$50782.08
935,Minta,Brace,mbracepy@cmu.edu,Female,$80721.01
936,Evie,Cheeld,echeeldpz@squidoo.com,Female,$33566.33
937,Barret,Kliemke,bkliemkeq0@examiner.com,Male,$32526.02
938,Fidel,Bakeup,fbakeupq1@cornell.edu,Male,$14215.62
939,Brad,Obispo,bobispoq2@latimes.com,Male,$73533.41
940,Abbye,Rubie,arubieq3@domainmarket.com,Female,$61203.97
941,Fritz,Fatkin,ffatkinq4@shinystat.com,Male,$69682.45
942,Inness,Siviter,isiviterq5@geocities.com,Male,$58661.42
943,Harmonia,Boyd,hboydq6@elegantthemes.com,Female,$50086.85
944,Phyllis,Sabbins,psabbinsq7@oakley.com,Female,$39941.76
945,Antonius,Barnewelle,abarnewelleq8@mac.com,Male,$11715.87
946,Helen-elizabeth,Hundell,hhundellq9@techcrunch.com,Female,$39573.79
947,Keefe,Grimsdell,kgrimsdellqa@hao123.com,Male,$89827.15
948,Lenka,Frostdyke,lfrostdykeqb@google.es,Female,$12215.75
949,Byram,Hocking,bhockingqc@addtoany.com,Male,$10683.24
950,Izak,Sherlock,isherlockqd@vk.com,Male,$64589.48
951,Larina,Nevett,lnevettqe@ameblo.jp,Female,$52210.22
952,Jereme,Bohey,jboheyqf@deviantart.com,Male,$99717.80
953,Beniamino,Avrahamoff,bavrahamoffqg@blogger.com,Male,$14409.41
954,Lurette,Kleinerman,lkleinermanqh@cnet.com,Female,$73853.30
955,Emelda,Bickerstaffe,ebickerstaffeqi@chicagotribune.com,Female,$64202.12
956,Lillian,Hupka,lhupkaqj@lulu.com,Bigender,$93890.50
957,Elston,Woller,ewollerqk@wikispaces.com,Male,$47815.17
958,Tamqrah,Pitherick,tpitherickql@webnode.com,Female,$15330.73
959,Benedetta,Pocknoll,bpocknollqm@vimeo.com,Female,$93516.55
960,Petey,Sneaker,psneakerqn@senate.gov,Male,$30292.09
961,Monro,Prangle,mprangleqo@mtv.com,Male,$24656.04
962,Gene,Babbs,gbabbsqp@jugem.jp,Female,$34339.19
963,Camille,Cauthra,ccauthraqq@ezinearticles.com,Female,$94280.64
964,Shannon,Gurr,sgurrqr@un.org,Non-binary,$43805.26
965,Felipe,Frossell,ffrossellqs@nydailynews.com,Male,$28681.81
966,Neilla,Bugge,nbuggeqt@weather.com,Female,$97031.15
967,Theodore,Quail,tquailqu@who.int,Male,$28511.20
968,Alissa,Izac,aizacqv@sun.com,Female,$29928.60
969,Clerissa,Farnan,cfarnanqw@arizona.edu,Female,$64292.22
970,Burtie,Rosbottom,brosbottomqx@example.com,Genderqueer,$99101.48
971,Berty,Barlow,bbarlowqy@sohu.com,Female,$55257.40
972,Jess,Langley,jlangleyqz@mtv.com,Female,$30194.86
973,Allissa,Dumberell,adumberellr0@i2i.jp,Female,$14152.96
974,Paulie,Schimaschke,pschimaschker1@va.gov,Male,$78285.02
975,Konstanze,Cusiter,kcusiterr2@ibm.com,Female,$80870.57
976,Theresina,Cobleigh,tcobleighr3@gov.uk,Female,$42233.55
977,Meghan,Vondrasek,mvondrasekr4@networksolutions.com,Female,$63490.93
978,Ezekiel,Sones,esonesr5@yahoo.com,Male,$34566.97
979,Myca,Mattinson,mmattinsonr6@comsenz.com,Polygender,$35850.67
980,Sean,Lunn,slunnr7@scribd.com,Genderfluid,$32331.13
981,Bradan,Coakley,bcoakleyr8@wikispaces.com,Genderfluid,$37369.13
982,Edna,Toye,etoyer9@cisco.com,Female,$88232.67
983,Lilia,Lello,llellora@drupal.org,Female,$27868.03
984,Guillermo,Drever,gdreverrb@nasa.gov,Male,$30048.40
985,Jehu,Barbisch,jbarbischrc@auda.org.au,Male,$41289.91
986,Kienan,Shovlar,kshovlarrd@bbb.org,Male,$35546.15
987,Earle,Keighly,ekeighlyre@tumblr.com,Male,$23640.53
988,Ulric,Ferryn,uferrynrf@opera.com,Male,$30767.18
989,Riordan,Mumm,rmummrg@github.io,Male,$20132.38
990,Arvie,Cargen,acargenrh@ihg.com,Male,$97660.06
991,Justis,Grieg,jgriegri@wisc.edu,Genderqueer,$26619.69
992,Torie,Retchford,tretchfordrj@acquirethisname.com,Female,$84283.79
993,Keane,Lidgard,klidgardrk@qq.com,Male,$82819.76
994,Margalit,Habbin,mhabbinrl@cmu.edu,Female,$38399.62
995,Almire,Norker,anorkerrm@yolasite.com,Female,$15906.30
996,Osbourne,Bertouloume,obertouloumern@desdev.cn,Male,$77013.24
997,Becki,Ivers,biversro@blogtalkradio.com,Agender,$92165.73
998,Foss,Whelpton,fwhelptonrp@cbsnews.com,Male,$95501.00
999,Julio,Irnis,jirnisrq@ycombinator.com,Male,$65725.22
1000,Andros,Trask,atraskrr@spotify.com,Male,$35501.88
